<?xml version="1.0" encoding="utf-8"?>
<androidx.constraintlayout.widget.ConstraintLayout xmlns:android="http://schemas.android.com/apk/res/android"
    xmlns:app="http://schemas.android.com/apk/res-auto"
    xmlns:tools="http://schemas.android.com/tools"
    android:layout_width="match_parent"
    android:layout_height="match_parent"
    tools:context=".MainActivity">

    <LinearLayout
        android:layout_width="match_parent"
        android:layout_height="match_parent"
        android:orientation="vertical">

        <LinearLayout
            android:layout_width="match_parent"
            android:layout_height="88dp"
            android:orientation="vertical">

            <TextView
                android:id="@+id/textView4"
                android:layout_width="match_parent"
                android:layout_height="100dp"
                android:text="Java基礎演習 基本課題2"
                android:textSize="20sp" />

        </LinearLayout>

        <LinearLayout
            android:layout_width="match_parent"
            android:layout_height="wrap_content"
            android:orientation="vertical">

            <LinearLayout
                android:layout_width="match_parent"
                android:layout_height="wrap_content"
                android:orientation="horizontal">

                <Button
                    android:id="@+id/button13"
                    android:layout_width="wrap_content"
                    android:layout_height="wrap_content"
                    android:layout_weight="1"
                    android:text="課題1" />

                <Button
                    android:id="@+id/button14"
                    android:layout_width="wrap_content"
                    android:layout_height="wrap_content"
                    android:layout_weight="1"
                    android:text="課題2" />

                <Button
                    android:id="@+id/button15"
                    android:layout_width="wrap_content"
                    android:layout_height="wrap_content"
                    android:layout_weight="1"
                    android:text="課題3" />

            </LinearLayout>

            <LinearLayout
                android:layout_width="match_parent"
                android:layout_height="wrap_content"
                android:orientation="horizontal">

                <Button
                    android:id="@+id/button16"
                    android:layout_width="wrap_content"
                    android:layout_height="wrap_content"
                    android:layout_weight="1"
                    android:text="課題4" />

                <Button
                    android:id="@+id/button17"
                    android:layout_width="wrap_content"
                    android:layout_height="wrap_content"
                    android:layout_weight="1"
                    android:text="課題5" />

                <Button
                    android:id="@+id/button18"
                    android:layout_width="wrap_content"
                    android:layout_height="wrap_content"
                    android:layout_weight="1"
                    android:text="課題6" />
            </LinearLayout>

            <LinearLayout
                android:layout_width="match_parent"
                android:layout_height="wrap_content"
                android:orientation="horizontal">

                <Button
                    android:id="@+id/button19"
                    android:layout_width="wrap_content"
                    android:layout_height="wrap_content"
                    android:layout_weight="1"
                    android:text="課題7" />

                <Button
                    android:id="@+id/button20"
                    android:layout_width="wrap_content"
                    android:layout_height="wrap_content"
                    android:layout_weight="1"
                    android:text="課題8" />

                <Button
                    android:id="@+id/button21"
                    android:layout_width="wrap_content"
                    android:layout_height="wrap_content"
                    android:layout_weight="1"
                    android:text="課題9" />
            </LinearLayout>

            <LinearLayout
                android:layout_width="match_parent"
                android:layout_height="108dp"
                android:orientation="vertical">

                <Button
                    android:id="@+id/button22"
                    android:layout_width="137dp"
                    android:layout_height="wrap_content"
                    android:text="課題10" />
            </LinearLayout>

            <ScrollView
                android:layout_width="match_parent"
                android:layout_height="match_parent"
                android:layout_weight="1">

                <TextView
                    android:id="@+id/result2"
                    android:layout_width="match_parent"
                    android:layout_height="wrap_content"
                    android:text="ここに結果を表示します"
                    android:gravity="center"/>
            </ScrollView>

        </LinearLayout>

    </LinearLayout>
</androidx.constraintlayout.widget.ConstraintLayout>